Run,A* Time (s),Dijkstra Time (s),A* Path Length,Dijkstra Path Length
1,0.0,0.0,8,8
2,0.0,0.0,10,10
3,0.0,0.0,7,7
4,0.0,0.0,12,12
5,0.0,0.0,17,17
6,0.0,0.0009982585906982422,17,17
7,0.0,0.0,12,12
8,0.0,0.0,0,0
9,0.0,0.0010013580322265625,29,29
10,0.0,0.0,12,12
11,0.0,0.0,9,9
12,0.0,0.0,10,10
13,0.0,0.0,5,5
14,0.0,0.0011365413665771484,36,36
15,0.0,0.0,14,14
16,0.0,0.001010894775390625,9,9
17,0.0,0.0,20,20
18,0.0,0.0,6,6
19,0.0,0.0009987354278564453,14,14
20,0.0,0.0,5,5
21,0.0,0.0,21,21
22,0.0009992122650146484,0.0,27,27
23,0.0,0.0009996891021728516,21,21
24,0.0,0.0,6,6
25,0.0,0.0,20,20
26,0.0009963512420654297,0.0,20,20
27,0.0,0.0,12,12
28,0.0,0.0,7,7
29,0.0,0.0,4,4
30,0.0,0.0,18,18
31,0.0,0.0,20,20
32,0.0009949207305908203,0.0,21,21
33,0.0,0.0,8,8
34,0.0,0.0009920597076416016,22,22
35,0.0,0.0,30,30
36,0.0,0.0010178089141845703,21,21
37,0.0,0.0,12,12
38,0.0,0.0009911060333251953,25,25
39,0.0,0.0,7,7
40,0.0,0.0,7,7
41,0.0,0.0009989738464355469,16,16
42,0.0,0.0,16,16
43,0.0,0.0,7,7
44,0.0,0.0009937286376953125,22,22
45,0.0,0.0,12,12
46,0.0,0.0010008811950683594,12,12
47,0.0,0.0,31,31
48,0.0010004043579101562,0.0,26,26
49,0.0,0.0,0,0
50,0.0,0.0010166168212890625,13,13
51,0.0,0.0,19,19
52,0.0,0.0009891986846923828,26,26
53,0.0,0.0,22,22
54,0.0,0.0009999275207519531,14,14
55,0.0,0.0,9,9
56,0.0,0.0,17,17
57,0.0009975433349609375,0.0,30,30
58,0.0,0.0,3,3
59,0.0,0.0,14,14
60,0.0,0.0,11,11
61,0.0,0.0,6,6
62,0.0,0.0,26,26
63,0.0,0.0,4,4
64,0.00024056434631347656,0.0,19,19
65,0.0,0.0,9,9
66,0.0,0.0,7,7
67,0.0,0.0,4,4
68,0.0,0.0,3,3
69,0.0,0.001012563705444336,16,16
70,0.0,0.0,19,19
71,0.0,0.0,8,8
72,0.0009951591491699219,0.0,19,19
73,0.0,0.0,14,14
74,0.0,0.0010006427764892578,17,17
75,0.0,0.0,3,3
76,0.0,0.0,10,10
77,0.0,0.0,9,9
78,0.0,0.0010001659393310547,24,24
79,0.0,0.0,19,19
80,0.0,0.0009958744049072266,19,19
81,0.0,0.0,22,22
82,0.0,0.0010073184967041016,16,16
83,0.0,0.0,17,17
84,0.0,0.0,15,15
85,0.0,0.0,7,7
86,0.0,0.0,12,12
87,0.0,0.0,12,12
88,0.0,0.0,4,4
89,0.0,0.0010113716125488281,10,10
90,0.0,0.0,7,7
91,0.0,0.0,22,22
92,0.0009925365447998047,0.0,28,28
93,0.0,0.0,6,6
94,0.0,0.0010001659393310547,16,16
95,0.0,0.0,21,21
96,0.0010006427764892578,0.0,23,23
97,0.0,0.0,10,10
98,0.0,0.0009953975677490234,21,21
99,0.0,0.0,5,5
100,0.0,0.0,0,0
101,0.0,0.0010075569152832031,27,27
102,0.0,0.0,27,27
103,0.0,0.000993490219116211,14,14
104,0.0,0.0,26,26
105,0.0010104179382324219,0.0,23,23
106,0.0,0.0,7,7
107,0.0,0.0,6,6
108,0.0,0.0,3,3
109,0.0,0.0,9,9
110,0.0,0.0,24,24
111,0.0,0.0,6,6
112,0.0,0.0009996891021728516,14,14
113,0.0,0.0,19,19
114,0.0,0.0010006427764892578,20,20
115,0.0,0.0,13,13
116,0.0,0.0009927749633789062,18,18
117,0.0,0.0,4,4
118,0.0,0.0,15,15
119,0.0,0.0,13,13
120,0.0,0.0010166168212890625,25,25
121,0.0,0.0009829998016357422,24,24
122,0.0,0.0,3,3
123,0.0,0.0,6,6
124,0.0,0.0010137557983398438,9,9
125,0.0,0.0,26,26
126,0.0,0.0009918212890625,14,14
127,0.0,0.0,11,11
128,0.0,0.0,15,15
129,0.0,0.0009999275207519531,21,21
130,0.0,0.0,17,17
131,0.0,0.0009958744049072266,27,27
132,0.0,0.0,12,12
133,0.0,0.0009961128234863281,20,20
134,0.0,0.0,22,22
135,0.0,0.0010178089141845703,12,12
136,0.0,0.0,22,22
137,0.0,0.0009829998016357422,15,15
138,0.0,0.0,3,3
139,0.0,0.0,18,18
140,0.0,0.0010116100311279297,22,22
141,0.0,0.0,6,6
142,0.0,0.0,10,10
143,0.0,0.0,14,14
144,0.000995635986328125,0.0,24,24
145,0.0,0.0,12,12
146,0.0,0.0,5,5
147,0.0009992122650146484,0.0,2,2
148,0.0,0.0,20,20
149,0.0,0.0,4,4
150,0.0,0.0,7,7
151,0.000993490219116211,0.0,21,21
152,0.0,0.0010001659393310547,35,35
153,0.0,0.0,21,21
154,0.0,0.0010159015655517578,7,7
155,0.0,0.0,5,5
156,0.0,0.0,5,5
157,0.0,0.0,15,15
158,0.0,0.0,8,8
159,0.0,0.0009839534759521484,25,25
160,0.0,0.0,23,23
161,0.00101470947265625,0.0,9,9
162,0.0,0.0,6,6
163,0.0,0.0,5,5
164,0.0,0.0,2,2
165,0.0,0.0,16,16
166,0.0,0.0009920597076416016,14,14
167,0.0,0.0,17,17
168,0.0,0.0010035037994384766,26,26
169,0.0,0.0,18,18
170,0.0,0.0009903907775878906,8,8
171,0.0,0.0,19,19
172,0.0,0.0,10,10
173,0.0,0.0,19,19
174,0.0,0.001001596450805664,13,13
175,0.0,0.0,18,18
176,0.0,0.0,10,10
177,0.0009975433349609375,0.0,23,23
178,0.0,0.0,17,17
179,0.0,0.0010073184967041016,12,12
180,0.0,0.0,12,12
181,0.0,0.0009925365447998047,27,27
182,0.0,0.0,12,12
183,0.0,0.0010073184967041016,25,25
184,0.0,0.0,16,16
185,0.0,0.0,16,16
186,0.001005411148071289,0.0,9,9
187,0.0,0.0,15,15
188,0.0,0.0010228157043457031,22,22
189,0.0,0.0,14,14
190,0.0,0.0,5,5
191,0.0,0.0009672641754150391,13,13
192,0.0,0.0,5,5
193,0.0,0.0,12,12
194,0.0,0.0,18,18
195,0.0,0.0,19,19
196,0.0,0.0009965896606445312,24,24
197,0.0,0.0,29,29
198,0.0,0.0009927749633789062,17,17
199,0.0,0.0,14,14
200,0.0,0.0010123252868652344,34,34
201,0.0,0.0,21,21
202,0.0,0.0009942054748535156,6,6
203,0.0,0.0,14,14
204,0.0,0.0,10,10
205,0.0,0.0,17,17
206,0.0009946823120117188,0.0,21,21
207,0.0,0.0,12,12
208,0.0010004043579101562,0.0,12,12
209,0.0,0.0,22,22
210,0.0,0.001012563705444336,26,26
211,0.0,0.0,18,18
212,0.0,0.0009932518005371094,19,19
213,0.0,0.0,6,6
214,0.0,0.0,19,19
215,0.00099945068359375,0.0,29,29
216,0.0,0.0009992122650146484,17,17
217,0.0,0.0,12,12
218,0.0,0.0,23,23
219,0.0,0.0,8,8
220,0.0,0.0,30,30
221,0.0009918212890625,0.0,25,25
222,0.0,0.0010182857513427734,25,25
223,0.0,0.0,10,10
224,0.0,0.000989675521850586,28,28
225,0.0,0.0,15,15
226,0.0,0.0009996891021728516,27,27
227,0.0,0.0,8,8
228,0.0,0.0,7,7
229,0.0,0.0009996891021728516,31,31
230,0.0,0.0,10,10
231,0.0,0.0,5,5
232,0.0,0.0,14,14
233,0.0,0.0010001659393310547,20,20
234,0.0,0.0,8,8
235,0.0,0.0,16,16
236,0.0,0.0009999275207519531,9,9
237,0.0,0.0,24,24
238,0.0,0.0010044574737548828,15,15
239,0.0,0.0,15,15
240,0.0,0.0,13,13
241,0.0,0.0,3,3
242,0.0,0.0,15,15
243,0.0,0.0,14,14
244,0.0,0.0011448860168457031,14,14
245,0.0,0.0,7,7
246,0.0,0.0,24,24
247,0.0,0.001012563705444336,12,12
248,0.0,0.0,4,4
249,0.0,0.0,21,21
250,0.0,0.0009958744049072266,16,16
251,0.0,0.0,13,13
252,0.0,0.0,12,12
253,0.0,0.00099945068359375,19,19
254,0.0,0.0,14,14
255,0.0,0.0,8,8
256,0.0009920597076416016,0.0,28,28
257,0.0,0.0,14,14
258,0.0,0.0010027885437011719,9,9
259,0.0,0.0,11,11
260,0.0,0.0,16,16
261,0.0,0.0,8,8
262,0.0,0.0,11,11
263,0.0,0.0,11,11
264,0.0,0.0,8,8
265,0.0,0.0,11,11
266,0.0009996891021728516,0.0,21,21
267,0.0,0.0009996891021728516,15,15
268,0.0,6.318092346191406e-05,5,5
269,0.0,0.0,24,24
270,0.0,0.0,8,8
271,0.0,0.0010099411010742188,21,21
272,0.0,0.0,11,11
273,0.0,0.0009982585906982422,25,25
274,0.0,0.0,10,10
275,0.0,0.0,13,13
276,0.0,0.0,7,7
277,0.0,0.0,16,16
278,0.0,0.0010166168212890625,21,21
279,0.0,0.0,18,18
280,0.000990152359008789,0.0,26,26
281,0.0,0.0,23,23
282,0.0,0.0,16,16
283,0.0,0.0,5,5
284,0.0,0.0009999275207519531,21,21
285,0.0,0.0,18,18
286,0.0,0.0010037422180175781,24,24
287,0.0,0.0,11,11
288,0.0,0.0009965896606445312,19,19
289,0.0,0.0,19,19
290,0.0,0.0,12,12
291,0.0010852813720703125,0.0,28,28
292,0.0,0.0,13,13
293,0.0,0.0,4,4
294,0.0,0.0,8,8
295,0.0,0.0,12,12
296,0.0,0.0,13,13
297,0.0,0.0009899139404296875,16,16
298,0.0,0.0,24,24
299,0.0,0.0,10,10
300,0.0,0.0,21,21
301,0.0,0.0010004043579101562,22,22
302,0.0,0.0,21,21
303,0.0,0.0,7,7
304,0.0009920597076416016,0.0,29,29
305,0.0,0.0010075569152832031,21,21
306,0.0,0.0,13,13
307,0.0,0.0009944438934326172,26,26
308,0.0,0.0,14,14
309,0.0,0.0010154247283935547,22,22
310,0.0,0.0,6,6
311,0.0,0.0,8,8
312,0.0,0.0,11,11
313,0.0,0.0,6,6
314,0.0009903907775878906,0.0,32,32
315,0.0,0.0011856555938720703,21,21
316,0.0,0.0,12,12
317,0.0,0.0,11,11
318,0.0,0.0,13,13
319,0.0,0.0,9,9
320,0.0,0.0,17,17
321,0.0,0.0,18,18
322,0.0,0.0009989738464355469,17,17
323,0.0,0.0,10,10
324,0.0,0.0,4,4
325,0.0,0.0,14,14
326,0.0,0.0010006427764892578,21,21
327,0.0,0.0,15,15
328,0.0,0.0009951591491699219,15,15
329,0.0,0.0,14,14
330,0.0010056495666503906,0.0,0,0
331,0.0009982585906982422,0.0,19,19
332,0.0,0.0,16,16
333,0.0,0.0,9,9
334,0.0,0.0,17,17
335,0.0,0.0,11,11
336,0.0010001659393310547,0.0,30,30
337,0.0,0.0010001659393310547,30,30
338,0.0,0.0009996891021728516,29,29
339,0.0,0.00019979476928710938,16,16
340,0.0,0.0,11,11
341,0.0,0.0,21,21
342,0.0010178089141845703,0.0,18,18
343,0.0,0.0009903907775878906,37,37
344,0.0,0.0,22,22
345,0.0,0.0,0,0
346,0.0,0.0,5,5
347,0.0,0.0009996891021728516,14,14
348,0.0,0.0,11,11
349,0.0,0.0,6,6
350,0.0,0.0,8,8
351,0.0,0.0,3,3
352,0.0,0.0,6,6
353,0.0,0.0009999275207519531,18,18
354,0.0,0.0,7,7
355,0.0,0.0,20,20
356,0.0009999275207519531,0.0,14,14
357,0.0,0.0,18,18
358,0.0,0.0,11,11
359,0.0009999275207519531,0.0,8,8
360,0.0,0.0,9,9
361,0.0,0.0,23,23
362,0.0009922981262207031,0.0,32,32
363,0.0,0.0,11,11
364,0.0,0.0,9,9
365,0.0,0.0,12,12
366,0.0,0.0,27,27
367,0.0,0.0,13,13
368,0.0,0.0,11,11
369,0.0,0.0,12,12
370,0.0,0.0,8,8
371,0.0009999275207519531,0.0003001689910888672,19,19
372,0.0,0.0,7,7
373,0.0,0.0,20,20
374,0.0,0.0010099411010742188,27,27
375,0.0,0.0,9,9
376,0.0,0.0009989738464355469,27,27
377,0.0,0.0,4,4
378,0.0,0.0,8,8
379,0.0,0.0,29,29
380,0.0,0.0009999275207519531,16,16
381,0.0,0.0,18,18
382,0.0,0.0010101795196533203,25,25
383,0.0,0.0,4,4
384,0.0,0.0,3,3
385,0.0,0.0,19,19
386,0.0,0.0009996891021728516,21,21
387,0.0,0.0,25,25
388,0.0,0.0009903907775878906,16,16
389,0.0,0.0,6,6
390,0.0,0.0,10,10
391,0.0,0.0,12,12
392,0.0,0.00099945068359375,18,18
393,0.0,0.0,19,19
394,0.0,0.0009999275207519531,25,25
395,0.0,0.0,12,12
396,0.0,0.0,4,4
397,0.0,0.0010001659393310547,16,16
398,0.0,0.0,13,13
399,0.0,0.0,26,26
400,0.0,0.0002357959747314453,19,19
401,0.0,0.0,15,15
402,0.0,0.0,21,21
403,0.0010030269622802734,0.0,18,18
404,0.0,0.0,13,13
405,0.0,0.0010142326354980469,24,24
406,0.0,0.0,22,22
407,0.0,0.0,5,5
408,0.0,0.0,7,7
409,0.0,0.000997781753540039,0,0
410,0.0,0.0,20,20
411,0.0,0.0010004043579101562,17,17
412,0.0,0.0,11,11
413,0.0,0.0,23,23
414,0.0,0.00099945068359375,24,24
415,0.0,0.0,16,16
416,0.0010004043579101562,0.0,30,30
417,0.0,0.0009925365447998047,26,26
418,0.0,0.0,17,17
419,0.0,0.0,8,8
420,0.0,0.0,5,5
421,8.988380432128906e-05,5.841255187988281e-05,20,20
422,0.0,0.0,10,10
423,0.0,0.0,19,19
424,0.0,0.0010099411010742188,15,15
425,0.0,0.0,11,11
426,0.0,0.0009984970092773438,24,24
427,0.0,0.0,25,25
428,0.0,0.0,14,14
429,0.0,0.0009996891021728516,0,0
430,0.0,0.0,12,12
431,0.0,0.0,21,21
432,0.0,0.0010061264038085938,8,8
433,0.0,0.0,16,16
434,0.0,0.0009884834289550781,20,20
435,0.0,0.0,19,19
436,0.0,0.0010058879852294922,12,12
437,0.0,0.0,25,25
438,0.0,0.0,18,18
439,0.0010001659393310547,0.0,25,25
440,0.0,0.0010023117065429688,33,33
441,0.0,0.0,17,17
442,0.0,0.000997781753540039,14,14
443,9.489059448242188e-05,0.0,23,23
444,0.0,0.0,11,11
445,0.0,0.0010504722595214844,20,20
446,0.0,0.0,17,17
447,0.0,0.0,7,7
448,0.0,0.0,11,11
449,0.0,0.0,16,16
450,0.0,0.0010018348693847656,13,13
451,0.0,0.0,25,25
452,0.0,0.0,6,6
453,0.0,0.0,16,16
454,0.0,0.0,18,18
455,0.0,0.0,12,12
456,0.0,0.0,2,2
457,0.0,0.0010001659393310547,7,7
458,0.0,0.0,28,28
459,0.0,0.0,9,9
460,0.0,0.0,10,10
461,0.0,0.0,5,5
462,0.0,0.0,16,16
463,0.0,0.0,14,14
464,0.0,0.0,16,16
465,0.0009996891021728516,0.0,24,24
466,0.0,0.0,16,16
467,0.0,0.0010001659393310547,8,8
468,0.0,0.0,24,24
469,0.0,0.0009932518005371094,21,21
470,0.0,0.0,19,19
471,0.0,0.0,10,10
472,0.0,0.00110626220703125,9,9
473,0.0,0.00018835067749023438,15,15
474,0.0,0.0,10,10
475,0.0,0.0010008811950683594,23,23
476,0.0,0.0,29,29
477,0.0,0.0010082721710205078,19,19
478,0.0,0.0,20,20
479,0.0,0.00099945068359375,27,27
480,0.0,0.0,20,20
481,0.0,0.0,6,6
482,0.0,0.0,9,9
483,0.0,0.0,16,16
484,0.0,0.0,19,19
485,0.0,0.0,11,11
486,0.0,0.0,11,11
487,0.0,0.0,2,2
488,0.0,0.0,10,10
489,0.0,0.0,14,14
490,0.0,0.0009920597076416016,12,12
491,0.0,0.0,4,4
492,0.0,0.0,13,13
493,0.0,0.0,7,7
494,0.0,0.0,7,7
495,0.0010154247283935547,0.0,24,24
496,0.0,0.0,7,7
497,0.0,0.0009915828704833984,15,15
498,0.0,0.0,18,18
499,0.0,0.0,17,17
500,0.0009999275207519531,0.0,24,24
501,0.0,0.0009999275207519531,22,22
502,0.0,0.00019478797912597656,14,14
503,0.0,0.0,14,14
504,0.0,0.0,16,16
505,0.0,0.0010101795196533203,24,24
506,0.0,0.0,15,15
507,0.0,0.0009915828704833984,19,19
508,0.0,0.0,24,24
509,0.0,0.0010013580322265625,18,18
510,0.0,0.0,8,8
511,0.0,0.0,16,16
512,0.0,0.0010061264038085938,13,13
513,0.0,0.0,22,22
514,0.0,0.00099945068359375,27,27
515,0.0,0.0,25,25
516,0.0,0.0010001659393310547,22,22
517,0.0,0.0,18,18
518,0.0,0.0009999275207519531,12,12
519,0.0,0.0,2,2
520,0.0,0.0009999275207519531,0,0
521,0.0,0.0,11,11
522,0.0010004043579101562,0.0,19,19
523,0.0,0.0009937286376953125,29,29
524,0.0,0.0,7,7
525,0.0,0.0,11,11
526,0.0,0.0,18,18
527,0.0,0.0,9,9
528,0.0,0.0,15,15
529,0.0,0.0,12,12
530,0.0009996891021728516,0.0,27,27
531,0.0,0.0010001659393310547,25,25
532,0.0,0.0,13,13
533,0.0,0.0,14,14
534,0.0,0.0009996891021728516,16,16
535,0.0,0.0,13,13
536,0.0,0.0,23,23
537,0.0009996891021728516,0.0,16,16
538,0.0,0.0,4,4
539,0.0,0.0,8,8
540,0.0,0.0010004043579101562,21,21
541,0.0,0.0,27,27
542,0.0010099411010742188,0.0,25,25
543,0.0,0.0,7,7
544,0.0,0.0,14,14
545,0.000990152359008789,0.0,19,19
546,0.0,0.0009996891021728516,27,27
547,0.0,0.0,5,5
548,0.0,0.0,19,19
549,0.0,0.0011069774627685547,20,20
550,0.0,0.00022673606872558594,22,22
551,0.0,0.0,18,18
552,0.0,0.0010094642639160156,17,17
553,0.0,0.0,21,21
554,0.0,0.00099945068359375,22,22
555,0.0,0.0,25,25
556,0.0,0.0,21,21
557,0.0,0.0010120868682861328,18,18
558,0.0,0.0,17,17
559,0.0,0.0,11,11
560,0.0,0.0009932518005371094,17,17
561,0.0,0.0,8,8
562,0.0,0.0,15,15
563,0.0,0.0009996891021728516,19,19
564,0.0,0.0,12,12
565,0.0,0.0,6,6
566,0.0,0.0,13,13
567,0.0,0.00099945068359375,16,16
568,0.0,0.0,12,12
569,0.0,0.0,6,6
570,0.0,0.0,3,3
571,0.0,0.0,17,17
572,0.0,0.0,13,13
573,0.0,0.0,22,22
574,0.0,0.0,8,8
575,0.0009999275207519531,0.0003211498260498047,16,16
576,0.0,0.0,8,8
577,0.0,0.0,17,17
578,0.0,0.0010027885437011719,20,20
579,0.0,0.0,7,7
580,0.0,0.0,22,22
581,0.0,0.0,0,0
582,0.0010056495666503906,0.0,21,21
583,0.0,0.0,6,6
584,0.0,0.0,0,0
585,0.0,0.0,13,13
586,0.0,0.0009999275207519531,12,12
587,0.0,0.0,17,17
588,0.0,0.0010001659393310547,19,19
589,0.0,0.0,12,12
590,0.0,0.0,18,18
591,0.0,0.0009999275207519531,18,18
592,0.0,0.0,10,10
593,0.0,0.0010004043579101562,19,19
594,0.0,0.0,12,12
595,0.0,0.0,16,16
596,0.0,0.0009913444519042969,18,18
597,0.0,0.0,22,22
598,0.0,0.0,11,11
599,0.0,0.0010182857513427734,21,21
600,0.0,0.0,13,13
601,0.0,0.0,6,6
602,0.0,0.0009906291961669922,26,26
603,0.0,0.0,22,22
604,0.0,0.00113677978515625,23,23
605,0.0002827644348144531,0.0,17,17
606,0.0,0.0,13,13
607,0.0,0.0,9,9
608,0.0,0.0010097026824951172,16,16
609,0.0,0.0,7,7
610,0.0,0.0,22,22
611,0.0,0.0,14,14
612,0.0,0.0,11,11
613,0.0,0.0,20,20
614,0.0,0.0009930133819580078,16,16
615,0.0,0.0,9,9
616,0.0,0.0,19,19
617,0.0,0.0,5,5
618,0.0,0.0,6,6
619,0.0,0.0010156631469726562,40,40
620,0.0,0.0,15,15
621,0.0,0.0,13,13
622,0.0,0.000989675521850586,10,10
623,0.0,0.0,20,20
624,0.0,0.0009996891021728516,17,17
625,0.0,0.0,13,13
626,0.0,0.0,10,10
627,0.0,0.0,12,12
628,0.0010004043579101562,0.0,25,25
629,0.0,0.001230478286743164,25,25
630,0.0,0.0,5,5
631,0.0,0.0,10,10
632,0.0,0.0,12,12
633,0.0010094642639160156,0.0,26,26
634,0.0,0.000993490219116211,21,21
635,0.0,0.0,17,17
636,0.0,0.0,9,9
637,0.0,0.0,10,10
638,0.0,0.0,23,23
639,0.0,0.0,4,4
640,0.0,0.0009996891021728516,17,17
641,0.0,0.0,9,9
642,0.0,0.0009996891021728516,28,28
643,0.0,0.0,8,8
644,0.0,0.0,20,20
645,0.0,0.0,10,10
646,0.0010037422180175781,0.0,17,17
647,0.0,0.0,9,9
648,0.0,0.0,7,7
649,0.0,0.0,9,9
650,0.0,0.0009970664978027344,14,14
651,0.0,0.0,8,8
652,0.0,0.0,28,28
653,0.0,0.0,19,19
654,0.0,0.0,17,17
655,0.0,0.0009958744049072266,22,22
656,0.0,0.0,21,21
657,0.0,0.0010998249053955078,19,19
658,0.0,0.00020313262939453125,24,24
659,0.0,0.0,14,14
660,0.0,0.0,10,10
661,0.0,0.0,18,18
662,0.0,0.0009989738464355469,28,28
663,0.0,0.0,16,16
664,0.0,0.0,27,27
665,0.0,0.0,3,3
666,0.0,0.0,27,27
667,0.0,0.0010001659393310547,14,14
668,0.0,0.0,12,12
669,0.0,0.0,5,5
670,0.0,0.000993967056274414,28,28
671,0.0,0.0,14,14
672,0.0,0.0,11,11
673,0.0,0.0,12,12
674,0.00101470947265625,0.0,24,24
675,0.0,0.0009913444519042969,23,23
676,0.0,0.0,20,20
677,0.0,0.0,8,8
678,0.0,0.0009996891021728516,19,19
679,0.0,0.0010001659393310547,0,0
680,0.0,0.0,25,25
681,0.0,0.0,12,12
682,0.0,0.0012598037719726562,20,20
683,0.0,0.0,27,27
684,0.0,0.0,0,0
685,0.0,0.0,4,4
686,0.0,0.0010099411010742188,11,11
687,0.0,0.0,18,18
688,0.0,0.0009937286376953125,25,25
689,0.0,0.0,13,13
690,0.0,0.0010137557983398438,26,26
691,0.0,0.0,24,24
692,0.0,0.0009913444519042969,17,17
693,0.0,0.0,7,7
694,0.0,0.0,15,15
695,0.0,0.0009999275207519531,22,22
696,0.0,0.0,12,12
697,0.0,0.0009999275207519531,29,29
698,0.0,0.0,9,9
699,0.0,0.0,4,4
700,0.0,0.0009999275207519531,19,19
701,0.0,0.0,11,11
702,0.0,0.0,10,10
703,0.0,0.0,6,6
704,0.0,0.0,9,9
705,0.0,0.0009999275207519531,17,17
706,0.0,0.0,18,18
707,0.0,0.0,7,7
708,0.0,0.0013022422790527344,30,30
709,0.0,0.0,22,22
710,0.0,0.0010111331939697266,20,20
711,0.0,0.0,9,9
712,0.0,0.0,11,11
713,0.0,0.0,7,7
714,0.0,0.0,11,11
715,0.0009982585906982422,0.0,30,30
716,0.0,0.00099945068359375,20,20
717,0.0,0.0,14,14
718,0.0,0.0,9,9
719,0.0,0.0,10,10
720,0.0,0.0010001659393310547,11,11
721,0.0,0.0,19,19
722,0.0,0.0,11,11
723,0.0009999275207519531,0.0,17,17
724,0.0,0.0,7,7
725,0.0,0.0,9,9
726,0.0,0.0009930133819580078,15,15
727,0.0,0.0,17,17
728,0.0,0.0010013580322265625,25,25
729,0.0,0.0,14,14
730,0.0,0.0,13,13
731,0.0,0.001005411148071289,15,15
732,0.0,0.0,23,23
733,0.0,0.0010001659393310547,13,13
734,0.0,0.0,16,16
735,0.0,0.0011143684387207031,23,23
736,0.0,0.0002014636993408203,9,9
737,0.0,0.0,2,2
738,0.0,0.0,25,25
739,0.001010894775390625,0.0,0,0
740,0.0009980201721191406,0.0,17,17
741,0.0,0.0,16,16
742,0.000993490219116211,0.0,23,23
743,0.0,0.0,11,11
744,0.0,0.0010161399841308594,20,20
745,0.0,0.0,23,23
746,0.0,0.0,5,5
747,0.0009906291961669922,0.0,19,19
748,0.0,0.0,19,19
749,0.0,0.0009996891021728516,15,15
750,0.0,0.0,18,18
751,0.0,0.0,7,7
752,0.0,0.0,12,12
753,0.0,0.0009996891021728516,7,7
754,0.0,0.0,20,20
755,0.0,0.0010008811950683594,28,28
756,0.0,0.0,19,19
757,0.0,0.0009987354278564453,27,27
758,0.0,0.0,27,27
759,0.0,0.0,2,2
760,0.0,0.0010826587677001953,12,12
761,0.0,0.0,15,15
762,0.0,0.0,10,10
763,0.0,0.0,12,12
764,0.0,0.0,9,9
765,0.0010111331939697266,0.0,15,15
766,0.0,0.0,5,5
767,0.0,0.0,16,16
768,0.0,0.0,5,5
769,0.0009996891021728516,0.0,12,12
770,0.0,0.0,15,15
771,0.0,0.0,8,8
772,0.0,0.0,11,11
773,0.0,0.0010073184967041016,25,25
774,0.0,0.0,9,9
775,0.0,0.0010004043579101562,20,20
776,0.0,0.0,8,8
777,0.0,0.0,14,14
778,0.0,0.0009999275207519531,14,14
779,0.0,0.0,19,19
780,0.0,0.0,9,9
781,0.0,0.0009927749633789062,12,12
782,0.0,0.0,10,10
783,0.0,0.0,4,4
784,0.0,0.0010170936584472656,28,28
785,0.0,0.0,3,3
786,0.0,0.000990152359008789,23,23
787,0.0,0.0,28,28
788,0.0,0.0,10,10
789,0.0,0.0,7,7
790,0.0012388229370117188,0.0,31,31
791,0.0,0.0,11,11
792,0.0,0.0010099411010742188,12,12
793,0.0,0.0,27,27
794,0.0,0.0,7,7
795,0.0,0.00099945068359375,9,9
796,0.0,0.0,25,25
797,0.0,0.0009925365447998047,13,13
798,0.0,0.0,3,3
799,0.0,0.0,22,22
800,0.0,0.0010008811950683594,20,20
801,0.0,0.0,13,13
802,0.0,0.0,14,14
803,0.0010061264038085938,0.0,24,24
804,0.0,0.0,10,10
805,0.0,0.0010004043579101562,22,22
806,0.0,0.0,13,13
807,0.0010023117065429688,0.0,22,22
808,0.0,0.0,5,5
809,0.0,0.0009975433349609375,19,19
810,0.0,0.0,24,24
811,0.0,0.0010006427764892578,12,12
812,0.0,0.00024199485778808594,14,14
813,0.0,0.0,6,6
814,0.0,0.0010027885437011719,28,28
815,0.0,0.0010013580322265625,29,29
816,0.0,0.0,14,14
817,0.0,0.0,13,13
818,0.0,0.0,18,18
819,0.0,0.0,14,14
820,0.0,0.0009961128234863281,24,24
821,0.0,0.0,22,22
822,0.0,0.0,9,9
823,0.0,0.0,8,8
824,0.0,0.0009927749633789062,0,0
825,0.0,0.0010073184967041016,0,0
826,0.0,0.0,7,7
827,0.0,0.0,14,14
828,0.0,0.000993967056274414,13,13
829,0.0,0.0,11,11
830,0.0,0.0,19,19
831,0.0,0.0010151863098144531,17,17
832,0.0,0.0009911060333251953,22,22
833,0.00011372566223144531,0.0,16,16
834,0.0,0.0,11,11
835,0.0,0.0010106563568115234,23,23
836,0.0,0.0009984970092773438,26,26
837,0.0,0.0,8,8
838,0.0,0.0,5,5
839,0.0,0.0,21,21
840,0.0,0.0010030269622802734,12,12
841,0.0,0.0,25,25
842,0.0,0.0009968280792236328,21,21
843,0.0,0.0,10,10
844,0.0,0.0,5,5
845,0.000993490219116211,0.0,30,30
846,0.0,0.0010144710540771484,16,16
847,0.0,0.0,5,5
848,0.0,0.0,18,18
849,0.0,0.0,5,5
850,0.0,0.0,10,10
851,0.0,0.0009920597076416016,19,19
852,0.0,0.0,17,17
853,0.0,0.0,9,9
854,0.0,0.0010001659393310547,14,14
855,0.0,0.0,6,6
856,0.0,0.0,18,18
857,0.0009999275207519531,0.0,10,10
858,0.0,0.0,18,18
859,0.0,0.0011098384857177734,15,15
860,0.00011873245239257812,0.0,22,22
861,0.0,0.0,15,15
862,0.0,0.0,22,22
863,0.0009908676147460938,0.0,21,21
864,0.0,0.0010061264038085938,17,17
865,0.0,0.0,17,17
866,0.0,0.0,23,23
867,0.00099945068359375,0.0,30,30
868,0.0,0.0,9,9
869,0.0010006427764892578,0.0,19,19
870,0.0,0.0009996891021728516,19,19
871,0.0,0.0,11,11
872,0.0,0.0,17,17
873,0.0,0.00099945068359375,21,21
874,0.0,0.0,23,23
875,0.0,0.0,15,15
876,0.0009920597076416016,0.0,0,0
877,0.0,0.0012350082397460938,17,17
878,0.0,0.0,18,18
879,0.0,0.0,4,4
880,0.0,0.0,7,7
881,0.0,0.0010099411010742188,13,13
882,0.0,0.0,23,23
883,0.0009996891021728516,0.0,29,29
884,0.0,0.0,19,19
885,0.00099945068359375,0.0,20,20
886,0.0,0.00099945068359375,21,21
887,0.0,0.0009946823120117188,30,30
888,0.0,0.0,2,2
889,0.0,0.0,14,14
890,0.0,0.0,7,7
891,0.00101470947265625,0.0,23,23
892,0.0,0.0,9,9
893,0.0,0.0,10,10
894,0.0,0.0009913444519042969,14,14
895,0.0,0.0,21,21
896,0.0,0.0,11,11
897,0.0,0.0009992122650146484,7,7
898,0.0,0.0,17,17
899,0.0,0.0,16,16
900,0.0,0.0,13,13
901,0.0001163482666015625,9.822845458984375e-05,16,16
902,0.0,0.0,19,19
903,0.0,0.0010099411010742188,12,12
904,0.0,0.0,26,26
905,0.0,0.0009984970092773438,8,8
906,0.0,0.0,15,15
907,0.0,0.0,5,5
908,0.0,0.000995635986328125,17,17
909,0.0,0.0,18,18
910,0.0,0.001009225845336914,14,14
911,0.0,0.0,19,19
912,0.0,0.0009987354278564453,13,13
913,0.0,0.0,20,20
914,0.0,0.0,12,12
915,0.0,0.0,11,11
916,0.0,0.0,12,12
917,0.0,0.0,16,16
918,0.0,0.0,20,20
919,0.0,0.0010051727294921875,25,25
920,0.0,0.0,6,6
921,0.0,0.0,24,24
922,0.0009953975677490234,0.0,20,20
923,0.0,0.0,11,11
924,0.0,0.0,9,9
925,0.000995635986328125,0.000133514404296875,12,12
926,0.0,0.0,21,21
927,0.0,0.0,8,8
928,0.0,0.001010894775390625,11,11
929,0.0,0.0,14,14
930,0.0,0.0009982585906982422,22,22
931,0.0,0.0,10,10
932,0.0,0.0,8,8
933,0.0,0.0,21,21
934,0.0009996891021728516,0.0,13,13
935,0.0,0.0,12,12
936,0.0,0.0009999275207519531,23,23
937,0.0,0.0,2,2
938,0.0,0.0,18,18
939,0.0,0.0010004043579101562,14,14
940,0.0,0.0,25,25
941,0.0009925365447998047,0.0,25,25
942,0.0,0.0,11,11
943,0.0,0.0010023117065429688,17,17
944,0.0,0.0,9,9
945,0.0,0.0,14,14
946,0.0010044574737548828,0.0,13,13
947,0.0,0.0,10,10
948,0.0,0.0,6,6
949,0.0,0.0009932518005371094,15,15
950,0.0,0.0,12,12
951,0.0,0.0,24,24
952,9.608268737792969e-05,0.0001323223114013672,18,18
953,0.0,0.0,16,16
954,0.0,0.0010116100311279297,14,14
955,0.0,0.0,22,22
956,0.0,0.0,15,15
957,0.0,0.0,15,15
958,0.0,0.0,23,23
959,0.0,0.0,7,7
960,0.0,0.0,13,13
961,0.0,0.0,9,9
962,0.0,0.0,12,12
963,0.0,0.0,4,4
964,0.0010175704956054688,0.0,23,23
965,0.0,0.0,2,2
966,0.0,0.000990152359008789,18,18
967,0.0,0.0,19,19
968,0.0010004043579101562,0.0,19,19
969,0.0,0.0,25,25
970,0.0,0.0010030269622802734,17,17
971,0.0,0.0,13,13
972,0.0,0.0009913444519042969,24,24
973,0.0,0.0,6,6
974,0.0,0.0,18,18
975,0.0,0.0,7,7
976,0.0,0.0,6,6
977,0.0,0.0,21,21
978,0.0,0.0,17,17
979,0.0,0.0001666545867919922,18,18
980,0.0,0.0,14,14
981,0.0,0.001018524169921875,19,19
982,0.0,0.0,23,23
983,0.0,0.0,12,12
984,0.000990152359008789,0.0,17,17
985,0.0,0.0010001659393310547,16,16
986,0.0,0.0,27,27
987,0.0,0.0,4,4
988,0.0,0.0,14,14
989,0.0,0.0009970664978027344,25,25
990,0.0,0.0010004043579101562,35,35
991,0.0,0.0,17,17
992,0.0,0.0,12,12
993,0.0,0.0009946823120117188,11,11
994,0.0,0.0,12,12
995,0.0,0.0,8,8
996,0.0,0.0010101795196533203,11,11
997,0.0,0.0,22,22
998,0.0,0.0009944438934326172,20,20
999,0.0,0.0,8,8
1000,0.0,0.0,15,15
